https://miami.craigslist.org/mdc/apa/d/gorgeous-3-2-with-d-parking-pool-gym/6935417841.html,$2750, (NORTH BAY VILLAGE - MIAMI BEACH)
https://miami.craigslist.org/mdc/apa/d/miami-gorgeous-3-2-with-d-parking-pool/6936034477.html,$3200, (BRICKELL)
https://miami.craigslist.org/mdc/apa/d/gorgeous-3-2-with-d-parking-pool-gym/6936030921.html,$3200, (MIDTOWN / EDGEWATER)
https://miami.craigslist.org/mdc/apa/d/great-unit-kendall-3bedrooms/6953989193.html,$1400, (Kendall)
https://miami.craigslist.org/brw/apa/d/unreal-price-limited-time-move-in/6953989031.html,$1900, (Miramar)
https://miami.craigslist.org/mdc/apa/d/gorgeous-3-2-with-d-pool-gym-parking/6936744681.html,$2950, (BRICKELL)
https://miami.craigslist.org/mdc/apa/d/gorgeous-3-2-with-d-parking-pool-gym/6933754974.html,$2500, (SOUTH MIAMI)
https://miami.craigslist.org/mdc/apa/d/miami-espectacular-3-beds-condo-in/6953912105.html,$1575, (MIAMI KENDALL)
https://miami.craigslist.org/mdc/apa/d/easy-to-show-3bed-2bath-kendall/6953987178.html,$1400, (Kendall)
https://miami.craigslist.org/mdc/apa/d/rental-are-moving-fast-3bed-2bath/6953952266.html,$2400, (Kendall)
https://miami.craigslist.org/brw/apa/d/pompano-beach-live-in-pompano-beach/6953984610.html,$1900,
https://miami.craigslist.org/mdc/apa/d/north-miami-beach-luxury-3-2-with-d/6936639196.html,$2600, (NORTH MIAMI BEACH)
https://miami.craigslist.org/mdc/apa/d/gorgeous-3-2-all-modern-with-d-parking/6936521956.html,$2500, (LITTLE HAVANA)
https://miami.craigslist.org/brw/apa/d/fort-lauderdale-luxury-at-its-finest/6953981441.html,$2045," (1501 NW 124th Terrace Sunrise, FL)"
https://miami.craigslist.org/mdc/apa/d/miami-gorgeous-3-2-with-d-parking-pool/6935816504.html,$2850, (EDGEWATER)
https://miami.craigslist.org/mdc/apa/d/gorgeous-3-2-with-bay-views-d-parking/6936003585.html,$3300, (DOWNTOWN)
https://miami.craigslist.org/mdc/apa/d/luxury-3-2-with-d-pool-gym-parking-etc/6936071853.html,$3375, (MIDTOWN)
https://miami.craigslist.org/mdc/apa/d/miami-luxury-3-2-with-d-parking-pool/6935856049.html,$3500, (DOWNTOWN)
https://miami.craigslist.org/mdc/apa/d/gorgeous-3-2-with-d-parking-pool/6935874332.html,$2700, (NORTH BAY VILLAGE - MIAMI BEACH)
https://miami.craigslist.org/mdc/apa/d/luxury-3-2-with-d-pool-gym-parking-etc/6933608161.html,$3800, (DOWNTOWN / BRICKELl)
https://miami.craigslist.org/mdc/apa/d/gorgeous-3-2-with-d-parking-pool-gym/6935843299.html,$3495, (MIDTOWN / EDGEWATER)
https://miami.craigslist.org/mdc/apa/d/gorgeous-3-2-with-d-parking-gym-pool/6935399503.html,$2800, (DADELAND)
https://miami.craigslist.org/brw/apa/d/gorgeous-3-2-with-d-parking-pool-gym/6935730887.html,$3500, (DOWNTOWN)
https://miami.craigslist.org/mdc/apa/d/gorgeous-3-2-with-d-parking-pool-gym/6935741052.html,$2500, (PEMBROKE PINES)
https://miami.craigslist.org/mdc/apa/d/miami-luxury-3-2-with-d-parking-pool/6935856285.html,$4295, (DOWNTOWN)
https://miami.craigslist.org/mdc/apa/d/luxury-3-2-with-direct-bay-view-d-pool/6936066595.html,$6000, (DOWNTOWN)
https://miami.craigslist.org/mdc/apa/d/miami-gorgeous-3-2-with-d-pool-gym/6934570928.html,$2500, (DOWNTOWN / MIAMI RIVER)
https://miami.craigslist.org/mdc/apa/d/hialeah-3bedrooms-kendall-this-unit/6953950798.html,$2400, (Kendall)
https://miami.craigslist.org/brw/apa/d/pompano-beach-washer-and-dryer-included/6952519011.html,$1797,
https://miami.craigslist.org/mdc/apa/d/blue-bay-tower-mid-beach-boutique/6952316305.html,$2900, (mid beach-miami beach)
https://miami.craigslist.org/brw/apa/d/pompano-beach-coral-springs-easy-to/6953962824.html,$1750, (Coral Springs)
https://miami.craigslist.org/brw/apa/d/hollywood-quartz-countertops-in/6935558419.html,$2084, (Pembroke Pines)
https://miami.craigslist.org/brw/apa/d/pompano-beach-playground-high-speed/6953962611.html,$1818,
https://miami.craigslist.org/mdc/apa/d/miami-3-2-villa-4-rent-with-canal-view/6953961950.html,$1575, (WEST KENDALL)
https://miami.craigslist.org/brw/apa/d/fort-lauderdale-lauderhill-this-unit/6953948332.html,$1925, (Lauderhill)
https://miami.craigslist.org/pbc/apa/d/3-br-2-ba-in-great-community-close-to/6937575744.html,$1795, (Boynton Beach)
https://miami.craigslist.org/brw/apa/d/pompano-beach-great-opportunity-coral/6953960568.html,$1750, (Coral Springs)
https://miami.craigslist.org/mdc/apa/d/kendall-3bed-2bath-close-to-everything/6953960221.html,$2000, (Kendall)
https://miami.craigslist.org/mdc/apa/d/luxury-3-2-with-d-pool-gym-parking/6935406757.html,$3500, (CORAL GABLES)
https://miami.craigslist.org/mdc/apa/d/gorgeous-3-2-with-d-parking-pool-gym/6935075701.html,$2850, (DADELAND)
https://miami.craigslist.org/pbc/apa/d/boynton-beach-3-2-apt-15-month-free/6936320719.html,$2050, (Boynton Beach)
https://miami.craigslist.org/brw/apa/d/hollywood-3-bed-9-foot-ceilings-pets/6953955107.html,$1843,
https://miami.craigslist.org/pbc/apa/d/boynton-beach-3-2-apt-15-month-free/6942752215.html,$1995, (Boynton Beach)
https://miami.craigslist.org/pbc/apa/d/delray-beach-3-2-apt-brand-new-atlantic/6936304969.html,$2489, (Delray Beach)
https://miami.craigslist.org/brw/apa/d/pompano-beach-business-center-with/6950946942.html,$1624,
https://miami.craigslist.org/pbc/apa/d/delray-beach-3-2-apt-15-months-free/6932970213.html,$2070, (Delray Beach)
https://miami.craigslist.org/brw/apa/d/pompano-beach-two-car-wash-areas-access/6949261061.html,$1951,
https://miami.craigslist.org/pbc/apa/d/west-palm-beach-3-bedroom-2-bath/6953953396.html,$1884,
https://miami.craigslist.org/brw/apa/d/pompano-beach-3-bed-wifi-hotspots/6953948578.html,$1775,
https://miami.craigslist.org/mdc/apa/d/enjoy-excellence-in-living-kendall-3bed/6953950274.html,$1500, (Kendall)
https://miami.craigslist.org/brw/apa/d/pompano-beach-gourmet-kitchens-granite/6939762153.html,$2445, (Coconut Creek)
https://miami.craigslist.org/brw/apa/d/pompano-beach-3bedrooms-coral-springs/6953948603.html,$2500, (Coral Springs)
https://miami.craigslist.org/brw/apa/d/pompano-beach-house-with-new-upgrades/6953947828.html,$1860,
https://miami.craigslist.org/pbc/apa/d/boca-raton-resort-style-pools-move-in/6953933889.html,$1845, (Boca Raton)
https://miami.craigslist.org/pbc/apa/d/boynton-beach-3-bedroom-pool-outdoor/6946496670.html,$1885,
https://miami.craigslist.org/brw/apa/d/hollywood-3-bed-beautiful-bathrooms/6953944696.html,$1993,
https://miami.craigslist.org/mdc/apa/d/miami-kendall-come-see-us-today/6952083954.html,$1650, (Kendall)
https://miami.craigslist.org/pbc/apa/d/fort-lauderdale-sauna-steam-rooms/6953942357.html,$2650,
https://miami.craigslist.org/mdc/apa/d/miami-fabulous-3-beds-townhouse-in/6953854160.html,$1800, (MIAMI KENDALL)
https://miami.craigslist.org/brw/apa/d/fort-lauderdale-resident-lounge-with/6953938803.html,$1813,
https://miami.craigslist.org/mdc/apa/d/hialeah-welcome-to-th-ave-hialeah-fl/6953928874.html,$1200," (6957 W 25th Ave Hialeah, FL)"
https://miami.craigslist.org/brw/apa/d/fort-lauderdale-1700mo-3bed-2bath-5500/6953924047.html,$1700," (5500 SW 32ND TER FORT LAUDERDALE, FL 33312-6368)"
https://miami.craigslist.org/brw/apa/d/hollywood-1700mo-3bed-2bath-1250mo-6944/6953928346.html,$1700," (6944 SW 38 COURT #8-Q MIRAMAR, FL 33023)"
https://miami.craigslist.org/pbc/apa/d/west-palm-beach-24-hour-fitness-center/6953934144.html,$1919,
https://miami.craigslist.org/pbc/apa/d/boynton-beach-condo-coop/6939759595.html,$1600, (Boynton beach)
https://miami.craigslist.org/mdc/apa/d/blue-bay-tower-mid-beach-boutique/6949007221.html,$2900, (mid beach-miami beach)
https://miami.craigslist.org/pbc/apa/d/delray-beach-the-village-by-the-sea/6949919548.html,$1905, (Delray Beach)
https://miami.craigslist.org/mdc/apa/d/360-condo-mid-beach-modern-views/6946085938.html,$5000, (mid beach-miami beach)
https://miami.craigslist.org/brw/apa/d/pompano-beach-fitness-center-with/6953933352.html,$1899,
https://miami.craigslist.org/mdc/apa/d/homestead-3-2-updated-condo-all-tile-wd/6951592156.html,$1395, (Homestead)
https://miami.craigslist.org/mdc/apa/d/miami-miami-3-2-house-across-tropical/6952312269.html,$2400, (Miami)
https://miami.craigslist.org/pbc/apa/d/boca-raton-when-only-the-best-will-do/6931969814.html,$4200, (Boca Raton)
https://miami.craigslist.org/pbc/apa/d/boynton-beach-beautifully-re-done/6943463001.html,$1675, (Boynton Beach)
https://miami.craigslist.org/pbc/apa/d/boynton-beach-two-months-free-walk-to/6949935521.html,$2353, (Boynton Beach)
https://miami.craigslist.org/pbc/apa/d/boca-raton-this-is-your-view-rare-ocean/6949915967.html,$3199, (Boca Raton)
https://miami.craigslist.org/mdc/apa/d/miami-quickview-map-229-ne-101st-st/6949315937.html,$1300," (Miami Shores, FL 33138)"
https://miami.craigslist.org/pbc/apa/d/delray-beach-huge-town-home-with/6949887559.html,$2465, (Delray Beach)
https://miami.craigslist.org/brw/apa/d/pompano-beach-first-month-free-amazing/6949903366.html,$2700, (Pompano Beach)
https://miami.craigslist.org/brw/apa/d/fort-lauderdale-private-patio-or/6952469608.html,$2124,
https://miami.craigslist.org/mdc/apa/d/miami-3-2-modern-apartment-brand-new/6949354230.html,$5350, (Coral Gables)
https://miami.craigslist.org/pbc/apa/d/boca-raton-lighted-tennis-courts-plush/6953920865.html,$2455,
https://miami.craigslist.org/mdc/apa/d/3bedrooms-kendall-must-see-this-unit/6952095648.html,$1650, (Kendall)
https://miami.craigslist.org/brw/apa/d/fort-lauderdale-1700mo-3bed-2bath-1041/6953919381.html,$1700," (1041 NE 16TH TER FORT LAUDERDALE, FL 33304)"
https://miami.craigslist.org/pbc/apa/d/jupiter-3-2-garage-family-home-fenced/6953913411.html,$1750, (jupiter)
https://miami.craigslist.org/brw/apa/d/pompano-beach-private-balcony-scenic/6953915962.html,$1714,
https://miami.craigslist.org/pbc/apa/d/boynton-beach-moments-from-premier/6932468960.html,$1750,
https://miami.craigslist.org/brw/apa/d/pompano-beach-the-lowest-price-for/6953914308.html,$1690, (Coral Springs)
https://miami.craigslist.org/mdc/apa/d/kendall-3bed-2bath-its-one-of-kind/6953881471.html,$2100, (Kendall)
https://miami.craigslist.org/brw/apa/d/pompano-beach-1700mo-3bed-2bath-1954-sw/6953913151.html,$1700," (1954 SW 60 TERRACE #1954 NORTH LAUDERDALE, FL 33068)"
https://miami.craigslist.org/mdc/apa/d/kendall-3bedrooms-must-see-this-rental/6953904753.html,$1450, (Kendall)
https://miami.craigslist.org/pbc/apa/d/west-palm-beach-beautiful-3-bedroom/6950922689.html,$1931,
https://miami.craigslist.org/brw/apa/d/pompano-beach-1700mo-3bed-2bath-1818/6953909523.html,$1700," (1818 RACQUET CT NORTH LAUDERDALE, FL 33068-5445)"
https://miami.craigslist.org/mdc/apa/d/3bed-2bath-kendall-super-price-on-this/6953893655.html,$2100, (Kendall)
https://miami.craigslist.org/brw/apa/d/pompano-beach-1700mo-3bed-2bath-3730-nw/6953906092.html,$1700," (3730 NW 115TH AVE #3 CORAL SPRINGS, FL 33065-2682)"
https://miami.craigslist.org/pbc/apa/d/boca-raton-3-2-single-family-home-for/6944833371.html,$2975, (East Boca Raton)
https://miami.craigslist.org/pbc/apa/d/boca-raton-th-flr-apt-direct-view-of/6953901906.html,$3199, (Boca Raton)
https://miami.craigslist.org/mdc/apa/d/miami-fantastic-3-beds-condo-in-kendall/6953847307.html,$1650, (MIAMI KENDALL)
https://miami.craigslist.org/pbc/apa/d/boca-raton-gorgeous-renovated-3-2-west/6947568487.html,$2600, (Boca Raton)
https://miami.craigslist.org/pbc/apa/d/boca-raton-fabulous-renovated-east-boca/6936831661.html,$2600, (Boca Raton)
https://miami.craigslist.org/pbc/apa/d/delray-beach-single-family-home-in/6932432024.html,$2800, (Delray Beach)
https://miami.craigslist.org/pbc/apa/d/delray-beach-beautiful-updated-3/6932603245.html,$1900, (Delray Beach)
https://miami.craigslist.org/pbc/apa/d/boca-raton-gorgeous-large-spacious/6940603914.html,$2450, (Boca Raton)
https://miami.craigslist.org/pbc/apa/d/boca-raton-beautiful-single-family-3-2/6945308863.html,$2195, (Boca Raton)
https://miami.craigslist.org/pbc/apa/d/boca-3-25-partially-furnished-top-floor/6951997576.html,$2200, (Boca Raton)
https://miami.craigslist.org/brw/apa/d/fort-lauderdale-beautifully-remodeled/6937193592.html,$1900,
https://miami.craigslist.org/brw/apa/d/pompano-beach-spacious-home-with-yard/6937185093.html,$1809,
https://miami.craigslist.org/brw/apa/d/hialeah-house-for-rent-3-bed-25-bath/6953796149.html,$1990, (Miramar)
https://miami.craigslist.org/brw/apa/d/pompano-beach-house-with-an-amazing/6939391996.html,$2850,
https://miami.craigslist.org/mdc/apa/d/kendall-3bedrooms-must-see-this-rental/6953886578.html,$1500, (Kendall)
https://miami.craigslist.org/brw/apa/d/fort-lauderdale-spacious-walk-in/6953891792.html,$2208,
https://miami.craigslist.org/brw/apa/d/hollywood-2225-pasadena-blvd-pembroke/6953891332.html,$2225,
https://miami.craigslist.org/brw/apa/d/fort-lauderdale-nw-128th-dr-sunrise-fl/6953888910.html,$2200,
https://miami.craigslist.org/pbc/apa/d/west-palm-beach-3-2-nice-house-for-rent/6951897247.html,$2100, (West Palm Beach - Terracina)
https://miami.craigslist.org/pbc/apa/d/west-palm-beach-3-2-nice-townhouse-for/6950582480.html,$1985, (West Palm Beach - Riverwalk)
https://miami.craigslist.org/pbc/apa/d/west-palm-beach-3-2-nice-house-for-rent/6950590450.html,$2150, (West Palm Beach - Terracina)
https://miami.craigslist.org/brw/apa/d/weston-2250-woodgate-cir-sunrise-fl-3-2/6953886306.html,$2250,
https://miami.craigslist.org/brw/apa/d/fort-myers-colonial-country-club/6953880203.html,$2195, (Fort Myers)
https://miami.craigslist.org/mdc/apa/d/miami-house-3-2-near-calle-ocho/6940478375.html,$2500, (Flagami area)
https://miami.craigslist.org/mdc/apa/d/miami-large-2-story-sfh/6940511636.html,$2600, (Little Havana area)
https://miami.craigslist.org/mdc/apa/d/miami-modern-sfh-off-lejeune/6940490181.html,$2550, (Flagami area)
